id,title,description,category,price,discount_percentage,rating,stock,tags,brand,sku,weight,dimensions,warranty_information,shipping_information,availability_status,return_policy,minimum_order_quantity,thumbnail,images,barcode,qr_code,available_sizes,unit,gender,material,style,pattern,color
1,Essence Mascara Lash Princess,The Essence Mascara Lash Princess is a popular mascara known for its volumizing and lengthening effects. Achieve dramatic lashes with this long-lasting and cruelty-free formula.,beauty,9.99,10.48,2.56,99,"[""beauty"", ""mascara""]",Essence,BEA-ESS-ESS-001,4,"{""width"": 15.14, ""height"": 13.08, ""depth"": 22.99}",1 week warranty,Ships in 3-5 business days,In Stock,No return policy,48,https://cdn.dummyjson.com/product-images/beauty/essence-mascara-lash-princess/thumbnail.webp,"[""https://cdn.dummyjson.com/product-images/beauty/essence-mascara-lash-princess/1.webp""]",5784719087687,https://cdn.dummyjson.com/public/qr-code.png,"[""One Size""]",piece,U,Cosmetic Formula,Beauty,Solid,Multi
2,Eyeshadow Palette with Mirror,"The Eyeshadow Palette with Mirror offers a versatile range of eyeshadow shades for creating stunning eye looks. With a built-in mirror, it's convenient for on-the-go makeup application.",beauty,19.99,18.19,2.86,34,"[""beauty"", ""eyeshadow""]",Glamour Beauty,BEA-GLA-EYE-002,9,"{""width"": 9.26, ""height"": 22.47, ""depth"": 27.67}",1 year warranty,Ships in 2 weeks,In Stock,7 days return policy,20,https://cdn.dummyjson.com/product-images/beauty/eyeshadow-palette-with-mirror/thumbnail.webp,"[""https://cdn.dummyjson.com/product-images/beauty/eyeshadow-palette-with-mirror/1.webp""]",9170275171413,https://cdn.dummyjson.com/public/qr-code.png,"[""One Size""]",piece,U,Cosmetic Formula,Beauty,Solid,Multi
3,Powder Canister,"The Powder Canister is a finely milled setting powder designed to set makeup and control shine. With a lightweight and translucent formula, it provides a smooth and matte finish.",beauty,14.99,9.84,4.64,89,"[""beauty"", ""face powder""]",Velvet Touch,BEA-VEL-POW-003,8,"{""width"": 29.27, ""height"": 27.93, ""depth"": 20.59}",3 months warranty,Ships in 1-2 business days,In Stock,No return policy,22,https://cdn.dummyjson.com/product-images/beauty/powder-canister/thumbnail.webp,"[""https://cdn.dummyjson.com/product-images/beauty/powder-canister/1.webp""]",8418883906837,https://cdn.dummyjson.com/public/qr-code.png,"[""One Size""]",piece,U,Cosmetic Formula,Beauty,Solid,Multi
4,Red Lipstick,"The Red Lipstick is a classic and bold choice for adding a pop of color to your lips. With a creamy and pigmented formula, it provides a vibrant and long-lasting finish.",beauty,12.99,12.16,4.36,91,"[""beauty"", ""lipstick""]",Chic Cosmetics,BEA-CHI-LIP-004,1,"{""width"": 18.11, ""height"": 28.38, ""depth"": 22.17}",3 year warranty,Ships in 1 week,In Stock,7 days return policy,40,https://cdn.dummyjson.com/product-images/beauty/red-lipstick/thumbnail.webp,"[""https://cdn.dummyjson.com/product-images/beauty/red-lipstick/1.webp""]",9467746727219,https://cdn.dummyjson.com/public/qr-code.png,"[""One Size""]",piece,U,Cosmetic Formula,Beauty,Solid,Red
5,Red Nail Polish,"The Red Nail Polish offers a rich and glossy red hue for vibrant and polished nails. With a quick-drying formula, it provides a salon-quality finish at home.",beauty,8.99,11.44,4.32,79,"[""beauty"", ""nail polish""]",Nail Couture,BEA-NAI-NAI-005,8,"{""width"": 21.63, ""height"": 16.48, ""depth"": 29.84}",1 month warranty,Ships overnight,In Stock,No return policy,22,https://cdn.dummyjson.com/product-images/beauty/red-nail-polish/thumbnail.webp,"[""https://cdn.dummyjson.com/product-images/beauty/red-nail-polish/1.webp""]",4063010628104,https://cdn.dummyjson.com/public/qr-code.png,"[""One Size""]",piece,U,Cosmetic Formula,Beauty,Solid,Red
6,Calvin Klein CK One,"CK One by Calvin Klein is a classic unisex fragrance, known for its fresh and clean scent. It's a versatile fragrance suitable for everyday wear.",fragrances,49.99,1.89,4.37,29,"[""fragrances"", ""perfumes""]",Calvin Klein,FRA-CAL-CAL-006,7,"{""width"": 29.36, ""height"": 27.76, ""depth"": 20.72}",1 week warranty,Ships overnight,In Stock,90 days return policy,9,https://cdn.dummyjson.com/product-images/fragrances/calvin-klein-ck-one/thumbnail.webp,"[""https://cdn.dummyjson.com/product-images/fragrances/calvin-klein-ck-one/1.webp"", ""https://cdn.dummyjson.com/product-images/fragrances/calvin-klein-ck-one/2.webp"", ""https://cdn.dummyjson.com/product-images/fragrances/calvin-klein-ck-one/3.webp""]",2451534060749,https://cdn.dummyjson.com/public/qr-code.png,"[""One Size""]",piece,U,Liquid,Luxury,Solid,Transparent
7,Chanel Coco Noir Eau De,"Coco Noir by Chanel is an elegant and mysterious fragrance, featuring notes of grapefruit, rose, and sandalwood. Perfect for evening occasions.",fragrances,129.99,16.51,4.26,58,"[""fragrances"", ""perfumes""]",Chanel,FRA-CHA-CHA-007,7,"{""width"": 24.5, ""height"": 25.7, ""depth"": 25.98}",3 year warranty,Ships overnight,In Stock,No return policy,1,https://cdn.dummyjson.com/product-images/fragrances/chanel-coco-noir-eau-de/thumbnail.webp,"[""https://cdn.dummyjson.com/product-images/fragrances/chanel-coco-noir-eau-de/1.webp"", ""https://cdn.dummyjson.com/product-images/fragrances/chanel-coco-noir-eau-de/2.webp"", ""https://cdn.dummyjson.com/product-images/fragrances/chanel-coco-noir-eau-de/3.webp""]",4091737746820,https://cdn.dummyjson.com/public/qr-code.png,"[""One Size""]",piece,U,Liquid,Luxury,Solid,Transparent
8,Dior J'adore,"J'adore by Dior is a luxurious and floral fragrance, known for its blend of ylang-ylang, rose, and jasmine. It embodies femininity and sophistication.",fragrances,89.99,14.72,3.8,98,"[""fragrances"", ""perfumes""]",Dior,FRA-DIO-DIO-008,4,"{""width"": 27.67, ""height"": 28.28, ""depth"": 11.83}",1 week warranty,Ships in 2 weeks,In Stock,7 days return policy,10,https://cdn.dummyjson.com/product-images/fragrances/dior-j'adore/thumbnail.webp,"[""https://cdn.dummyjson.com/product-images/fragrances/dior-j'adore/1.webp"", ""https://cdn.dummyjson.com/product-images/fragrances/dior-j'adore/2.webp"", ""https://cdn.dummyjson.com/product-images/fragrances/dior-j'adore/3.webp""]",1445086097250,https://cdn.dummyjson.com/public/qr-code.png,"[""One Size""]",piece,U,Liquid,Luxury,Floral,Transparent
9,Dolce Shine Eau de,"Dolce Shine by Dolce & Gabbana is a vibrant and fruity fragrance, featuring notes of mango, jasmine, and blonde woods. It's a joyful and youthful scent.",fragrances,69.99,0.62,3.96,4,"[""fragrances"", ""perfumes""]",Dolce & Gabbana,FRA-DOL-DOL-009,6,"{""width"": 27.28, ""height"": 29.88, ""depth"": 18.3}",3 year warranty,Ships in 1 month,Low Stock,7 days return policy,2,https://cdn.dummyjson.com/product-images/fragrances/dolce-shine-eau-de/thumbnail.webp,"[""https://cdn.dummyjson.com/product-images/fragrances/dolce-shine-eau-de/1.webp"", ""https://cdn.dummyjson.com/product-images/fragrances/dolce-shine-eau-de/2.webp"", ""https://cdn.dummyjson.com/product-images/fragrances/dolce-shine-eau-de/3.webp""]",3023868210708,https://cdn.dummyjson.com/public/qr-code.png,"[""One Size""]",piece,U,Liquid,Luxury,Solid,Transparent
10,Gucci Bloom Eau de,"Gucci Bloom by Gucci is a floral and captivating fragrance, with notes of tuberose, jasmine, and Rangoon creeper. It's a modern and romantic scent.",fragrances,79.99,14.39,2.74,91,"[""fragrances"", ""perfumes""]",Gucci,FRA-GUC-GUC-010,7,"{""width"": 20.92, ""height"": 21.68, ""depth"": 11.2}",6 months warranty,Ships overnight,In Stock,No return policy,2,https://cdn.dummyjson.com/product-images/fragrances/gucci-bloom-eau-de/thumbnail.webp,"[""https://cdn.dummyjson.com/product-images/fragrances/gucci-bloom-eau-de/1.webp"", ""https://cdn.dummyjson.com/product-images/fragrances/gucci-bloom-eau-de/2.webp"", ""https://cdn.dummyjson.com/product-images/fragrances/gucci-bloom-eau-de/3.webp""]",3170832177880,https://cdn.dummyjson.com/public/qr-code.png,"[""One Size""]",piece,U,Liquid,Luxury,Floral,Transparent
11,Annibale Colombo Bed,"The Annibale Colombo Bed is a luxurious and elegant bed frame, crafted with high-quality materials for a comfortable and stylish bedroom.",furniture,1899.99,8.57,4.77,88,"[""furniture"", ""beds""]",Annibale Colombo,FUR-ANN-ANN-011,10,"{""width"": 28.16, ""height"": 25.36, ""depth"": 17.28}",1 year warranty,Ships in 1 month,In Stock,No return policy,1,https://cdn.dummyjson.com/product-images/furniture/annibale-colombo-bed/thumbnail.webp,"[""https://cdn.dummyjson.com/product-images/furniture/annibale-colombo-bed/1.webp"", ""https://cdn.dummyjson.com/product-images/furniture/annibale-colombo-bed/2.webp"", ""https://cdn.dummyjson.com/product-images/furniture/annibale-colombo-bed/3.webp""]",3610757456581,https://cdn.dummyjson.com/public/qr-code.png,"[""One Size""]",piece,U,Leather/Wood,Modern,Solid,Multi
12,Annibale Colombo Sofa,"The Annibale Colombo Sofa is a sophisticated and comfortable seating option, featuring exquisite design and premium upholstery for your living room.",furniture,2499.99,14.4,3.92,60,"[""furniture"", ""sofas""]",Annibale Colombo,FUR-ANN-ANN-012,6,"{""width"": 12.75, ""height"": 20.55, ""depth"": 19.06}",Lifetime warranty,Ships in 1 week,In Stock,7 days return policy,1,https://cdn.dummyjson.com/product-images/furniture/annibale-colombo-sofa/thumbnail.webp,"[""https://cdn.dummyjson.com/product-images/furniture/annibale-colombo-sofa/1.webp"", ""https://cdn.dummyjson.com/product-images/furniture/annibale-colombo-sofa/2.webp"", ""https://cdn.dummyjson.com/product-images/furniture/annibale-colombo-sofa/3.webp""]",1777662847736,https://cdn.dummyjson.com/public/qr-code.png,"[""One Size""]",piece,U,Leather/Wood,Modern,Solid,Multi
13,Bedside Table African Cherry,"The Bedside Table in African Cherry is a stylish and functional addition to your bedroom, providing convenient storage space and a touch of elegance.",furniture,299.99,19.09,2.87,64,"[""furniture"", ""bedside tables""]",Furniture Co.,FUR-FUR-BED-013,2,"{""width"": 13.47, ""height"": 24.99, ""depth"": 27.35}",5 year warranty,Ships overnight,In Stock,7 days return policy,3,https://cdn.dummyjson.com/product-images/furniture/bedside-table-african-cherry/thumbnail.webp,"[""https://cdn.dummyjson.com/product-images/furniture/bedside-table-african-cherry/1.webp"", ""https://cdn.dummyjson.com/product-images/furniture/bedside-table-african-cherry/2.webp"", ""https://cdn.dummyjson.com/product-images/furniture/bedside-table-african-cherry/3.webp""]",6441287925979,https://cdn.dummyjson.com/public/qr-code.png,"[""One Size""]",piece,U,Mixed Materials,Contemporary,Solid,Brown
14,Knoll Saarinen Executive Conference Chair,"The Knoll Saarinen Executive Conference Chair is a modern and ergonomic chair, perfect for your office or conference room with its timeless design.",furniture,499.99,2.01,4.88,26,"[""furniture"", ""office chairs""]",Knoll,FUR-KNO-KNO-014,10,"{""width"": 13.81, ""height"": 7.5, ""depth"": 5.62}",2 year warranty,Ships overnight,In Stock,60 days return policy,5,https://cdn.dummyjson.com/product-images/furniture/knoll-saarinen-executive-conference-chair/thumbnail.webp,"[""https://cdn.dummyjson.com/product-images/furniture/knoll-saarinen-executive-conference-chair/1.webp"", ""https://cdn.dummyjson.com/product-images/furniture/knoll-saarinen-executive-conference-chair/2.webp"", ""https://cdn.dummyjson.com/product-images/furniture/knoll-saarinen-executive-conference-chair/3.webp""]",8919386859966,https://cdn.dummyjson.com/public/qr-code.png,"[""One Size""]",piece,U,Mixed Materials,Modern,Solid,Multi
15,Wooden Bathroom Sink With Mirror,"The Wooden Bathroom Sink with Mirror is a unique and stylish addition to your bathroom, featuring a wooden sink countertop and a matching mirror.",furniture,799.99,8.8,3.59,7,"[""furniture"", ""bathroom""]",Bath Trends,FUR-BAT-WOO-015,10,"{""width"": 7.98, ""height"": 8.88, ""depth"": 28.46}",3 year warranty,Ships in 3-5 business days,Low Stock,60 days return policy,2,https://cdn.dummyjson.com/product-images/furniture/wooden-bathroom-sink-with-mirror/thumbnail.webp,"[""https://cdn.dummyjson.com/product-images/furniture/wooden-bathroom-sink-with-mirror/1.webp"", ""https://cdn.dummyjson.com/product-images/furniture/wooden-bathroom-sink-with-mirror/2.webp"", ""https://cdn.dummyjson.com/product-images/furniture/wooden-bathroom-sink-with-mirror/3.webp""]",1958104402873,https://cdn.dummyjson.com/public/qr-code.png,"[""One Size""]",piece,U,Wood,Contemporary,Solid,Natural Wood
16,Apple,"Fresh and crisp apples, perfect for snacking or incorporating into various recipes.",groceries,1.99,12.62,4.19,8,"[""fruits""]",Hernandez and Sons,GRO-BRD-APP-016,9,"{""width"": 13.66, ""height"": 11.01, ""depth"": 9.73}",3 year warranty,Ships in 2 weeks,In Stock,90 days return policy,7,https://cdn.dummyjson.com/product-images/groceries/apple/thumbnail.webp,"[""https://cdn.dummyjson.com/product-images/groceries/apple/1.webp""]",7962803553314,https://cdn.dummyjson.com/public/qr-code.png,"[""One Size""]",piece,U,Fresh Produce,Natural,Solid,Red/Green
17,Beef Steak,"High-quality beef steak, great for grilling or cooking to your preferred level of doneness.",groceries,12.99,9.61,4.47,86,"[""meat""]","Peterson, Cruz and Smith",GRO-BRD-BEE-017,10,"{""width"": 18.9, ""height"": 5.77, ""depth"": 18.57}",3 year warranty,Ships overnight,In Stock,60 days return policy,43,https://cdn.dummyjson.com/product-images/groceries/beef-steak/thumbnail.webp,"[""https://cdn.dummyjson.com/product-images/groceries/beef-steak/1.webp""]",5640063409695,https://cdn.dummyjson.com/public/qr-code.png,"[""One Size""]",piece,U,Protein,Natural,Solid,Red
18,Cat Food,Nutritious cat food formulated to meet the dietary needs of your feline friend.,groceries,8.99,9.58,3.13,46,"[""pet supplies"", ""cat food""]","Wallace, Hughes and Lloyd",GRO-BRD-FOO-018,10,"{""width"": 18.08, ""height"": 9.26, ""depth"": 21.86}",1 year warranty,Ships overnight,In Stock,No return policy,18,https://cdn.dummyjson.com/product-images/groceries/cat-food/thumbnail.webp,"[""https://cdn.dummyjson.com/product-images/groceries/cat-food/1.webp""]",1483991328610,https://cdn.dummyjson.com/public/qr-code.png,"[""One Size""]",piece,U,Food Grade,Natural,Solid,Natural
19,Chicken Meat,"Fresh and tender chicken meat, suitable for various culinary preparations.",groceries,9.99,13.7,3.19,97,"[""meat""]",Barton LLC,GRO-BRD-CHI-019,1,"{""width"": 11.03, ""height"": 22.11, ""depth"": 16.01}",1 year warranty,Ships in 1 month,In Stock,7 days return policy,22,https://cdn.dummyjson.com/product-images/groceries/chicken-meat/thumbnail.webp,"[""https://cdn.dummyjson.com/product-images/groceries/chicken-meat/1.webp"", ""https://cdn.dummyjson.com/product-images/groceries/chicken-meat/2.webp""]",8829514594521,https://cdn.dummyjson.com/public/qr-code.png,"[""One Size""]",piece,U,Protein,Natural,Solid,Red
20,Cooking Oil,"Versatile cooking oil suitable for frying, sautéing, and various culinary applications.",groceries,4.99,9.33,4.8,10,"[""cooking essentials""]","Hunt, Martinez and Howell",GRO-BRD-COO-020,5,"{""width"": 19.95, ""height"": 27.54, ""depth"": 24.86}",Lifetime warranty,Ships in 1-2 business days,In Stock,30 days return policy,46,https://cdn.dummyjson.com/product-images/groceries/cooking-oil/thumbnail.webp,"[""https://cdn.dummyjson.com/product-images/groceries/cooking-oil/1.webp""]",4874727824518,https://cdn.dummyjson.com/public/qr-code.png,"[""One Size""]",piece,U,Food Grade,Natural,Solid,Natural
21,Cucumber,"Crisp and hydrating cucumbers, ideal for salads, snacks, or as a refreshing side.",groceries,1.49,0.16,4.07,84,"[""vegetables""]","Vasquez, Ingram and Church",GRO-BRD-CUC-021,4,"{""width"": 12.8, ""height"": 28.38, ""depth"": 21.34}",2 year warranty,Ships in 1-2 business days,In Stock,7 days return policy,2,https://cdn.dummyjson.com/product-images/groceries/cucumber/thumbnail.webp,"[""https://cdn.dummyjson.com/product-images/groceries/cucumber/1.webp""]",5300066378225,https://cdn.dummyjson.com/public/qr-code.png,"[""One Size""]",piece,U,Fresh Produce,Natural,Solid,Green
22,Dog Food,Specially formulated dog food designed to provide essential nutrients for your canine companion.,groceries,10.99,10.27,4.55,71,"[""pet supplies"", ""dog food""]",Diaz Ltd,GRO-BRD-FOO-022,10,"{""width"": 16.93, ""height"": 27.15, ""depth"": 9.29}",No warranty,Ships in 1-2 business days,In Stock,60 days return policy,43,https://cdn.dummyjson.com/product-images/groceries/dog-food/thumbnail.webp,"[""https://cdn.dummyjson.com/product-images/groceries/dog-food/1.webp""]",5906686116469,https://cdn.dummyjson.com/public/qr-code.png,"[""One Size""]",piece,U,Food Grade,Natural,Solid,Natural
23,Eggs,"Fresh eggs, a versatile ingredient for baking, cooking, or breakfast.",groceries,2.99,11.05,2.53,9,"[""dairy""]",Hawkins Inc,GRO-BRD-EGG-023,2,"{""width"": 11.42, ""height"": 7.44, ""depth"": 16.95}",1 week warranty,Ships in 1 week,In Stock,No return policy,32,https://cdn.dummyjson.com/product-images/groceries/eggs/thumbnail.webp,"[""https://cdn.dummyjson.com/product-images/groceries/eggs/1.webp""]",3478638588469,https://cdn.dummyjson.com/public/qr-code.png,"[""One Size""]",piece,U,Dairy,Natural,Solid,Natural
24,Fish Steak,"Quality fish steak, suitable for grilling, baking, or pan-searing.",groceries,14.99,4.23,3.78,74,"[""seafood""]",Stafford LLC,GRO-BRD-FIS-024,6,"{""width"": 14.95, ""height"": 26.31, ""depth"": 11.27}",1 month warranty,Ships in 3-5 business days,In Stock,60 days return policy,50,https://cdn.dummyjson.com/product-images/groceries/fish-steak/thumbnail.webp,"[""https://cdn.dummyjson.com/product-images/groceries/fish-steak/1.webp""]",9595036192098,https://cdn.dummyjson.com/public/qr-code.png,"[""One Size""]",piece,U,Protein,Natural,Solid,Natural
25,Green Bell Pepper,"Fresh and vibrant green bell pepper, perfect for adding color and flavor to your dishes.",groceries,1.29,0.16,3.25,33,"[""vegetables""]",Martin LLC,GRO-BRD-GRE-025,2,"{""width"": 15.33, ""height"": 26.65, ""depth"": 14.44}",1 month warranty,Ships in 1 week,In Stock,30 days return policy,12,https://cdn.dummyjson.com/product-images/groceries/green-bell-pepper/thumbnail.webp,"[""https://cdn.dummyjson.com/product-images/groceries/green-bell-pepper/1.webp""]",2365227493323,https://cdn.dummyjson.com/public/qr-code.png,"[""One Size""]",piece,U,Fresh Produce,Natural,Solid,Green
26,Green Chili Pepper,"Spicy green chili pepper, ideal for adding heat to your favorite recipes.",groceries,0.99,1,3.66,3,"[""vegetables""]","Davis, Dominguez and Thomas",GRO-BRD-GRE-026,7,"{""width"": 15.38, ""height"": 18.12, ""depth"": 19.92}",2 year warranty,Ships in 1 week,Low Stock,30 days return policy,39,https://cdn.dummyjson.com/product-images/groceries/green-chili-pepper/thumbnail.webp,"[""https://cdn.dummyjson.com/product-images/groceries/green-chili-pepper/1.webp""]",9335000538563,https://cdn.dummyjson.com/public/qr-code.png,"[""One Size""]",piece,U,Fresh Produce,Natural,Solid,Green
27,Honey Jar,"Pure and natural honey in a convenient jar, perfect for sweetening beverages or drizzling over food.",groceries,6.99,14.4,3.97,34,"[""condiments""]",Blackwell-Conley,GRO-BRD-HON-027,2,"{""width"": 9.28, ""height"": 21.72, ""depth"": 17.74}",1 month warranty,Ships in 1-2 business days,In Stock,90 days return policy,47,https://cdn.dummyjson.com/product-images/groceries/honey-jar/thumbnail.webp,"[""https://cdn.dummyjson.com/product-images/groceries/honey-jar/1.webp""]",6354306346329,https://cdn.dummyjson.com/public/qr-code.png,"[""One Size""]",piece,U,Liquid,Natural,Solid,Natural
28,Ice Cream,"Creamy and delicious ice cream, available in various flavors for a delightful treat.",groceries,5.49,8.69,3.39,27,"[""desserts""]",Baker Group,GRO-BRD-CRE-028,1,"{""width"": 14.83, ""height"": 15.07, ""depth"": 24.2}",1 month warranty,Ships in 2 weeks,In Stock,No return policy,42,https://cdn.dummyjson.com/product-images/groceries/ice-cream/thumbnail.webp,"[""https://cdn.dummyjson.com/product-images/groceries/ice-cream/1.webp"", ""https://cdn.dummyjson.com/product-images/groceries/ice-cream/2.webp"", ""https://cdn.dummyjson.com/product-images/groceries/ice-cream/3.webp"", ""https://cdn.dummyjson.com/product-images/groceries/ice-cream/4.webp""]",0788954559076,https://cdn.dummyjson.com/public/qr-code.png,"[""One Size""]",piece,U,Food Grade,Natural,Solid,Natural
29,Juice,"Refreshing fruit juice, packed with vitamins and great for staying hydrated.",groceries,3.99,12.06,3.94,50,"[""beverages""]",Butler-Sanchez,GRO-BRD-JUI-029,1,"{""width"": 18.56, ""height"": 21.46, ""depth"": 28.02}",6 months warranty,Ships in 1 week,In Stock,No return policy,25,https://cdn.dummyjson.com/product-images/groceries/juice/thumbnail.webp,"[""https://cdn.dummyjson.com/product-images/groceries/juice/1.webp""]",6936112580956,https://cdn.dummyjson.com/public/qr-code.png,"[""One Size""]",piece,U,Fresh Produce,Natural,Solid,Natural
30,Kiwi,"Nutrient-rich kiwi, perfect for snacking or adding a tropical twist to your dishes.",groceries,2.49,15.22,4.93,99,"[""fruits""]",Watson and Sons,GRO-BRD-KIW-030,5,"{""width"": 19.4, ""height"": 18.67, ""depth"": 17.13}",6 months warranty,Ships overnight,In Stock,7 days return policy,30,https://cdn.dummyjson.com/product-images/groceries/kiwi/thumbnail.webp,"[""https://cdn.dummyjson.com/product-images/groceries/kiwi/1.webp""]",2530169917252,https://cdn.dummyjson.com/public/qr-code.png,"[""One Size""]",piece,U,Fresh Produce,Natural,Solid,Natural
31,Lemon,"Zesty and tangy lemons, versatile for cooking, baking, or making refreshing beverages.",groceries,0.79,9.7,3.53,31,"[""fruits""]",Thompson Ltd,GRO-BRD-LEM-031,3,"{""width"": 23.77, ""height"": 9.22, ""depth"": 12.05}",No warranty,Ships in 1 month,In Stock,7 days return policy,29,https://cdn.dummyjson.com/product-images/groceries/lemon/thumbnail.webp,"[""https://cdn.dummyjson.com/product-images/groceries/lemon/1.webp""]",4871812433378,https://cdn.dummyjson.com/public/qr-code.png,"[""One Size""]",piece,U,Fresh Produce,Natural,Solid,Yellow
32,Milk,"Fresh and nutritious milk, a staple for various recipes and daily consumption.",groceries,3.49,13.74,2.61,27,"[""dairy""]","Barry, Choi and Palmer",GRO-BRD-MIL-032,5,"{""width"": 12.92, ""height"": 15.76, ""depth"": 11.29}",3 year warranty,Ships in 2 weeks,In Stock,7 days return policy,5,https://cdn.dummyjson.com/product-images/groceries/milk/thumbnail.webp,"[""https://cdn.dummyjson.com/product-images/groceries/milk/1.webp""]",9835034508303,https://cdn.dummyjson.com/public/qr-code.png,"[""One Size""]",piece,U,Dairy,Natural,Solid,Natural
33,Mulberry,"Sweet and juicy mulberries, perfect for snacking or adding to desserts and cereals.",groceries,4.99,12.87,4.95,99,"[""fruits""]",Wilson-Schneider,GRO-BRD-MUL-033,5,"{""width"": 12.8, ""height"": 18.54, ""depth"": 6.31}",2 year warranty,Ships in 1 week,In Stock,No return policy,43,https://cdn.dummyjson.com/product-images/groceries/mulberry/thumbnail.webp,"[""https://cdn.dummyjson.com/product-images/groceries/mulberry/1.webp""]",2206629068605,https://cdn.dummyjson.com/public/qr-code.png,"[""One Size""]",piece,U,Fresh Produce,Natural,Solid,Purple
34,Nescafe Coffee,"Quality coffee from Nescafe, available in various blends for a rich and satisfying cup.",groceries,7.99,1.59,4.82,57,"[""beverages"", ""coffee""]",Fuller PLC,GRO-BRD-NES-034,6,"{""width"": 20.54, ""height"": 29.49, ""depth"": 29.2}",1 year warranty,Ships in 1-2 business days,In Stock,30 days return policy,8,https://cdn.dummyjson.com/product-images/groceries/nescafe-coffee/thumbnail.webp,"[""https://cdn.dummyjson.com/product-images/groceries/nescafe-coffee/1.webp""]",8572637994159,https://cdn.dummyjson.com/public/qr-code.png,"[""One Size""]",piece,U,Liquid,Natural,Solid,Natural
35,Potatoes,"Versatile and starchy potatoes, great for roasting, mashing, or as a side dish.",groceries,2.29,5.38,4.81,13,"[""vegetables""]","Taylor, Shannon and Rivera",GRO-BRD-POT-035,9,"{""width"": 22.65, ""height"": 9.83, ""depth"": 21.75}",3 year warranty,Ships in 3-5 business days,In Stock,90 days return policy,9,https://cdn.dummyjson.com/product-images/groceries/potatoes/thumbnail.webp,"[""https://cdn.dummyjson.com/product-images/groceries/potatoes/1.webp""]",3590399655074,https://cdn.dummyjson.com/public/qr-code.png,"[""One Size""]",piece,U,Fresh Produce,Natural,Solid,Natural
36,Protein Powder,"Nutrient-packed protein powder, ideal for supplementing your diet with essential proteins.",groceries,19.99,7.59,4.18,80,"[""health supplements""]",Medina Ltd,GRO-BRD-PRO-036,9,"{""width"": 9.01, ""height"": 12.53, ""depth"": 22.35}",1 week warranty,Ships in 1 month,In Stock,No return policy,6,https://cdn.dummyjson.com/product-images/groceries/protein-powder/thumbnail.webp,"[""https://cdn.dummyjson.com/product-images/groceries/protein-powder/1.webp""]",0435397154434,https://cdn.dummyjson.com/public/qr-code.png,"[""One Size""]",piece,U,Food Grade,Natural,Solid,Natural
37,Red Onions,"Flavorful and aromatic red onions, perfect for adding depth to your savory dishes.",groceries,1.99,9.9,4.2,82,"[""vegetables""]","Snow, Brown and Waters",GRO-BRD-ONI-037,9,"{""width"": 16.01, ""height"": 24.96, ""depth"": 12.74}",1 month warranty,Ships in 3-5 business days,In Stock,7 days return policy,8,https://cdn.dummyjson.com/product-images/groceries/red-onions/thumbnail.webp,"[""https://cdn.dummyjson.com/product-images/groceries/red-onions/1.webp""]",4716374115631,https://cdn.dummyjson.com/public/qr-code.png,"[""One Size""]",piece,U,Fresh Produce,Natural,Solid,Red
38,Rice,"High-quality rice, a staple for various cuisines and a versatile base for many dishes.",groceries,5.99,9.29,3.18,59,"[""grains""]",Lloyd-Herrera,GRO-BRD-RIC-038,5,"{""width"": 17.21, ""height"": 9.88, ""depth"": 17.16}",6 months warranty,Ships overnight,In Stock,No return policy,20,https://cdn.dummyjson.com/product-images/groceries/rice/thumbnail.webp,"[""https://cdn.dummyjson.com/product-images/groceries/rice/1.webp""]",7339757397015,https://cdn.dummyjson.com/public/qr-code.png,"[""One Size""]",piece,U,Food Grade,Natural,Solid,Natural
39,Soft Drinks,"Assorted soft drinks in various flavors, perfect for refreshing beverages.",groceries,1.99,17.48,4.75,53,"[""beverages""]","Blake, Moore and Beard",GRO-BRD-SOF-039,9,"{""width"": 19.75, ""height"": 6.79, ""depth"": 9.33}",6 months warranty,Ships in 2 weeks,In Stock,7 days return policy,10,https://cdn.dummyjson.com/product-images/groceries/soft-drinks/thumbnail.webp,"[""https://cdn.dummyjson.com/product-images/groceries/soft-drinks/1.webp""]",2991169581178,https://cdn.dummyjson.com/public/qr-code.png,"[""One Size""]",piece,U,Liquid,Natural,Solid,Natural
40,Strawberry,"Sweet and succulent strawberries, great for snacking, desserts, or blending into smoothies.",groceries,3.99,1.12,3.08,46,"[""fruits""]",Hill Group,GRO-BRD-STR-040,1,"{""width"": 28.18, ""height"": 21.25, ""depth"": 28.54}",1 week warranty,Ships in 1-2 business days,In Stock,No return policy,12,https://cdn.dummyjson.com/product-images/groceries/strawberry/thumbnail.webp,"[""https://cdn.dummyjson.com/product-images/groceries/strawberry/1.webp""]",0792647462295,https://cdn.dummyjson.com/public/qr-code.png,"[""One Size""]",piece,U,Fresh Produce,Natural,Solid,Red
41,Tissue Paper Box,"Convenient tissue paper box for everyday use, providing soft and absorbent tissues.",groceries,2.49,13.28,2.69,86,"[""household essentials""]",Morales-Cole,GRO-BRD-TIS-041,1,"{""width"": 18.75, ""height"": 17.58, ""depth"": 12.43}",No warranty,Ships in 1-2 business days,In Stock,90 days return policy,44,https://cdn.dummyjson.com/product-images/groceries/tissue-paper-box/thumbnail.webp,"[""https://cdn.dummyjson.com/product-images/groceries/tissue-paper-box/1.webp"", ""https://cdn.dummyjson.com/product-images/groceries/tissue-paper-box/2.webp""]",9446468291745,https://cdn.dummyjson.com/public/qr-code.png,"[""One Size""]",piece,U,Food Grade,Natural,Solid,Natural
42,Water,"Pure and refreshing bottled water, essential for staying hydrated throughout the day.",groceries,0.99,14.92,4.96,53,"[""beverages""]",Mclaughlin-Castillo,GRO-BRD-WAT-042,4,"{""width"": 18.43, ""height"": 7.4, ""depth"": 17.79}",3 months warranty,Ships in 1 month,In Stock,7 days return policy,28,https://cdn.dummyjson.com/product-images/groceries/water/thumbnail.webp,"[""https://cdn.dummyjson.com/product-images/groceries/water/1.webp""]",2409829645213,https://cdn.dummyjson.com/public/qr-code.png,"[""One Size""]",piece,U,Liquid,Natural,Solid,Natural
43,Decoration Swing,"The Decoration Swing is a charming addition to your home decor. Crafted with intricate details, it adds a touch of elegance and whimsy to any room.",home-decoration,59.99,10.41,3.16,47,"[""home decor"", ""swing""]",Johnson-Reed,HOM-BRD-DEC-043,4,"{""width"": 23.84, ""height"": 15.19, ""depth"": 26.05}",1 week warranty,Ships in 1 month,In Stock,90 days return policy,8,https://cdn.dummyjson.com/product-images/home-decoration/decoration-swing/thumbnail.webp,"[""https://cdn.dummyjson.com/product-images/home-decoration/decoration-swing/1.webp"", ""https://cdn.dummyjson.com/product-images/home-decoration/decoration-swing/2.webp"", ""https://cdn.dummyjson.com/product-images/home-decoration/decoration-swing/3.webp""]",9646971048759,https://cdn.dummyjson.com/public/qr-code.png,"[""One Size""]",piece,U,Mixed Materials,Decorative,Solid,Multi
44,Family Tree Photo Frame,"The Family Tree Photo Frame is a sentimental and stylish way to display your cherished family memories. With multiple photo slots, it tells the story of your loved ones.",home-decoration,29.99,14.87,4.53,77,"[""home decor"", ""photo frame""]","Montes, Ballard and Miller",HOM-BRD-FAM-044,1,"{""width"": 17.27, ""height"": 14.81, ""depth"": 29.11}",1 month warranty,Ships in 2 weeks,In Stock,No return policy,15,https://cdn.dummyjson.com/product-images/home-decoration/family-tree-photo-frame/thumbnail.webp,"[""https://cdn.dummyjson.com/product-images/home-decoration/family-tree-photo-frame/1.webp""]",5398738320864,https://cdn.dummyjson.com/public/qr-code.png,"[""One Size""]",piece,U,Wood/Glass,Decorative,Solid,Multi
45,House Showpiece Plant,The House Showpiece Plant is an artificial plant that brings a touch of nature to your home without the need for maintenance. It adds greenery and style to any space.,home-decoration,39.99,7.46,4.67,28,"[""home decor"", ""artificial plants""]","Wiggins, Roy and Henry",HOM-BRD-HOU-045,8,"{""width"": 8.55, ""height"": 14.62, ""depth"": 17.25}",1 year warranty,Ships in 1 week,In Stock,No return policy,3,https://cdn.dummyjson.com/product-images/home-decoration/house-showpiece-plant/thumbnail.webp,"[""https://cdn.dummyjson.com/product-images/home-decoration/house-showpiece-plant/1.webp"", ""https://cdn.dummyjson.com/product-images/home-decoration/house-showpiece-plant/2.webp"", ""https://cdn.dummyjson.com/product-images/home-decoration/house-showpiece-plant/3.webp""]",8433795204995,https://cdn.dummyjson.com/public/qr-code.png,"[""One Size""]",piece,U,Artificial/Ceramic,Decorative,Solid,Multi
46,Plant Pot,"The Plant Pot is a stylish container for your favorite plants. With a sleek design, it complements your indoor or outdoor garden, adding a modern touch to your plant display.",home-decoration,14.99,6.84,3.01,59,"[""home decor"", ""plant accessories""]",Clark-Evans,HOM-BRD-PLA-046,9,"{""width"": 9.83, ""height"": 20.28, ""depth"": 13.49}",Lifetime warranty,Ships in 3-5 business days,In Stock,30 days return policy,31,https://cdn.dummyjson.com/product-images/home-decoration/plant-pot/thumbnail.webp,"[""https://cdn.dummyjson.com/product-images/home-decoration/plant-pot/1.webp"", ""https://cdn.dummyjson.com/product-images/home-decoration/plant-pot/2.webp"", ""https://cdn.dummyjson.com/product-images/home-decoration/plant-pot/3.webp"", ""https://cdn.dummyjson.com/product-images/home-decoration/plant-pot/4.webp""]",8477070578398,https://cdn.dummyjson.com/public/qr-code.png,"[""One Size""]",piece,U,Artificial/Ceramic,Decorative,Solid,Multi
47,Table Lamp,"The Table Lamp is a functional and decorative lighting solution for your living space. With a modern design, it provides both ambient and task lighting, enhancing the atmosphere.",home-decoration,49.99,7.09,3.55,9,"[""home decor"", ""lighting""]",Jones-Turner,HOM-BRD-TAB-047,4,"{""width"": 8.98, ""height"": 13.41, ""depth"": 5.65}",3 months warranty,Ships in 1-2 business days,In Stock,90 days return policy,2,https://cdn.dummyjson.com/product-images/home-decoration/table-lamp/thumbnail.webp,"[""https://cdn.dummyjson.com/product-images/home-decoration/table-lamp/1.webp""]",8806138916048,https://cdn.dummyjson.com/public/qr-code.png,"[""One Size""]",piece,U,Metal/Glass,Decorative,Solid,Multi
48,Bamboo Spatula,"The Bamboo Spatula is a versatile kitchen tool made from eco-friendly bamboo. Ideal for flipping, stirring, and serving various dishes.",kitchen-accessories,7.99,2.84,3.27,37,"[""kitchen tools"", ""utensils""]",Barnes and Sons,KIT-BRD-BAM-048,3,"{""width"": 21.32, ""height"": 23.03, ""depth"": 25.94}",1 month warranty,Ships overnight,In Stock,60 days return policy,29,https://cdn.dummyjson.com/product-images/kitchen-accessories/bamboo-spatula/thumbnail.webp,"[""https://cdn.dummyjson.com/product-images/kitchen-accessories/bamboo-spatula/1.webp""]",3988181417733,https://cdn.dummyjson.com/public/qr-code.png,"[""One Size""]",piece,U,Bamboo,Functional,Solid,Multi
49,Black Aluminium Cup,The Black Aluminium Cup is a stylish and durable cup suitable for both hot and cold beverages. Its sleek black design adds a modern touch to your drinkware collection.,kitchen-accessories,5.99,15.65,4.46,75,"[""drinkware"", ""cups""]",Roth and Sons,KIT-BRD-BLA-049,7,"{""width"": 5.88, ""height"": 5.11, ""depth"": 10.03}",1 year warranty,Ships overnight,In Stock,30 days return policy,48,https://cdn.dummyjson.com/product-images/kitchen-accessories/black-aluminium-cup/thumbnail.webp,"[""https://cdn.dummyjson.com/product-images/kitchen-accessories/black-aluminium-cup/1.webp"", ""https://cdn.dummyjson.com/product-images/kitchen-accessories/black-aluminium-cup/2.webp""]",5606164195748,https://cdn.dummyjson.com/public/qr-code.png,"[""One Size""]",piece,U,Aluminium,Functional,Solid,Black
50,Black Whisk,The Black Whisk is a kitchen essential for whisking and beating ingredients. Its ergonomic handle and sleek design make it a practical and stylish tool.,kitchen-accessories,9.99,10.24,3.9,73,"[""kitchen tools"", ""utensils""]",Harris-Hernandez,KIT-BRD-BLA-050,1,"{""width"": 13.03, ""height"": 5.99, ""depth"": 20.64}",3 months warranty,Ships in 1 month,In Stock,30 days return policy,40,https://cdn.dummyjson.com/product-images/kitchen-accessories/black-whisk/thumbnail.webp,"[""https://cdn.dummyjson.com/product-images/kitchen-accessories/black-whisk/1.webp""]",3112495795209,https://cdn.dummyjson.com/public/qr-code.png,"[""One Size""]",piece,U,Mixed Materials,Functional,Solid,Black
51,Boxed Blender,"The Boxed Blender is a powerful and compact blender perfect for smoothies, shakes, and more. Its convenient design and multiple functions make it a versatile kitchen appliance.",kitchen-accessories,39.99,7.26,4.56,9,"[""kitchen appliances"", ""blenders""]",Moody LLC,KIT-BRD-BOX-051,1,"{""width"": 9.05, ""height"": 19.45, ""depth"": 17.59}",5 year warranty,Ships in 1-2 business days,In Stock,7 days return policy,4,https://cdn.dummyjson.com/product-images/kitchen-accessories/boxed-blender/thumbnail.webp,"[""https://cdn.dummyjson.com/product-images/kitchen-accessories/boxed-blender/1.webp"", ""https://cdn.dummyjson.com/product-images/kitchen-accessories/boxed-blender/2.webp"", ""https://cdn.dummyjson.com/product-images/kitchen-accessories/boxed-blender/3.webp"", ""https://cdn.dummyjson.com/product-images/kitchen-accessories/boxed-blender/4.webp""]",4823087836817,https://cdn.dummyjson.com/public/qr-code.png,"[""One Size""]",piece,U,Mixed Materials,Functional,Solid,Multi
52,Carbon Steel Wok,"The Carbon Steel Wok is a versatile cooking pan suitable for stir-frying, sautéing, and deep frying. Its sturdy construction ensures even heat distribution for delicious meals.",kitchen-accessories,29.99,6.53,4.05,40,"[""cookware"", ""woks""]",Delacruz-Allen,KIT-BRD-CAR-052,2,"{""width"": 27.69, ""height"": 7.54, ""depth"": 10.11}",2 year warranty,Ships in 1-2 business days,In Stock,7 days return policy,9,https://cdn.dummyjson.com/product-images/kitchen-accessories/carbon-steel-wok/thumbnail.webp,"[""https://cdn.dummyjson.com/product-images/kitchen-accessories/carbon-steel-wok/1.webp""]",1810862118199,https://cdn.dummyjson.com/public/qr-code.png,"[""One Size""]",piece,U,Steel,Functional,Solid,Multi
53,Chopping Board,"The Chopping Board is an essential kitchen accessory for food preparation. Made from durable material, it provides a safe and hygienic surface for cutting and chopping.",kitchen-accessories,12.99,8.03,3.7,14,"[""kitchen tools"", ""cutting boards""]",Lane LLC,KIT-BRD-CHO-053,2,"{""width"": 15.6, ""height"": 6.93, ""depth"": 8.51}",3 months warranty,Ships in 2 weeks,In Stock,No return policy,5,https://cdn.dummyjson.com/product-images/kitchen-accessories/chopping-board/thumbnail.webp,"[""https://cdn.dummyjson.com/product-images/kitchen-accessories/chopping-board/1.webp""]",0085585730728,https://cdn.dummyjson.com/public/qr-code.png,"[""One Size""]",piece,U,Mixed Materials,Functional,Solid,Multi
54,Citrus Squeezer Yellow,The Citrus Squeezer in Yellow is a handy tool for extracting juice from citrus fruits. Its vibrant color adds a cheerful touch to your kitchen gadgets.,kitchen-accessories,8.99,12.1,4.63,22,"[""kitchen tools"", ""juicers""]","Howard, Levine and Mitchell",KIT-BRD-CIT-054,2,"{""width"": 17.16, ""height"": 26.8, ""depth"": 16.29}",2 year warranty,Ships in 3-5 business days,In Stock,60 days return policy,38,https://cdn.dummyjson.com/product-images/kitchen-accessories/citrus-squeezer-yellow/thumbnail.webp,"[""https://cdn.dummyjson.com/product-images/kitchen-accessories/citrus-squeezer-yellow/1.webp""]",2231952604189,https://cdn.dummyjson.com/public/qr-code.png,"[""One Size""]",piece,U,Mixed Materials,Functional,Solid,Yellow
55,Egg Slicer,"The Egg Slicer is a convenient tool for slicing boiled eggs evenly. It's perfect for salads, sandwiches, and other dishes where sliced eggs are desired.",kitchen-accessories,6.99,14.76,3.09,40,"[""kitchen tools"", ""slicers""]",Davis and Sons,KIT-BRD-SLI-055,2,"{""width"": 10.81, ""height"": 19.15, ""depth"": 13.18}",1 week warranty,Ships in 1 month,In Stock,No return policy,32,https://cdn.dummyjson.com/product-images/kitchen-accessories/egg-slicer/thumbnail.webp,"[""https://cdn.dummyjson.com/product-images/kitchen-accessories/egg-slicer/1.webp""]",6456249953517,https://cdn.dummyjson.com/public/qr-code.png,"[""One Size""]",piece,U,Mixed Materials,Functional,Solid,Multi
56,Electric Stove,The Electric Stove provides a portable and efficient cooking solution. Ideal for small kitchens or as an additional cooking surface for various culinary needs.,kitchen-accessories,49.99,14.04,4.11,21,"[""kitchen appliances"", ""cooktops""]","Sandoval, Ortiz and Warren",KIT-BRD-ELE-056,5,"{""width"": 24.17, ""height"": 22.55, ""depth"": 27.49}",2 year warranty,Ships in 1 week,In Stock,7 days return policy,8,https://cdn.dummyjson.com/product-images/kitchen-accessories/electric-stove/thumbnail.webp,"[""https://cdn.dummyjson.com/product-images/kitchen-accessories/electric-stove/1.webp"", ""https://cdn.dummyjson.com/product-images/kitchen-accessories/electric-stove/2.webp"", ""https://cdn.dummyjson.com/product-images/kitchen-accessories/electric-stove/3.webp"", ""https://cdn.dummyjson.com/product-images/kitchen-accessories/electric-stove/4.webp""]",7534096777716,https://cdn.dummyjson.com/public/qr-code.png,"[""One Size""]",piece,U,Mixed Materials,Functional,Solid,Multi
57,Fine Mesh Strainer,The Fine Mesh Strainer is a versatile tool for straining liquids and sifting dry ingredients. Its fine mesh ensures efficient filtering for smooth cooking and baking.,kitchen-accessories,9.99,3.5,3.04,85,"[""kitchen tools"", ""strainers""]","Hernandez, Schmidt and Chapman",KIT-BRD-FIN-057,9,"{""width"": 18.02, ""height"": 13.23, ""depth"": 15.92}",1 month warranty,Ships overnight,In Stock,7 days return policy,43,https://cdn.dummyjson.com/product-images/kitchen-accessories/fine-mesh-strainer/thumbnail.webp,"[""https://cdn.dummyjson.com/product-images/kitchen-accessories/fine-mesh-strainer/1.webp""]",8181672477425,https://cdn.dummyjson.com/public/qr-code.png,"[""One Size""]",piece,U,Mixed Materials,Functional,Solid,Multi
58,Fork,The Fork is a classic utensil for various dining and serving purposes. Its durable and ergonomic design makes it a reliable choice for everyday use.,kitchen-accessories,3.99,8.07,3.11,7,"[""kitchen tools"", ""utensils""]",Ellis Group,KIT-BRD-FOR-058,9,"{""width"": 12.3, ""height"": 25.91, ""depth"": 22.57}",No warranty,Ships in 1 month,In Stock,No return policy,36,https://cdn.dummyjson.com/product-images/kitchen-accessories/fork/thumbnail.webp,"[""https://cdn.dummyjson.com/product-images/kitchen-accessories/fork/1.webp""]",2851192866410,https://cdn.dummyjson.com/public/qr-code.png,"[""One Size""]",piece,U,Mixed Materials,Functional,Solid,Multi
59,Glass,The Glass is a versatile and elegant drinking vessel suitable for a variety of beverages. Its clear design allows you to enjoy the colors and textures of your drinks.,kitchen-accessories,4.99,7.92,4.02,46,"[""drinkware"", ""glasses""]",Bates-Parrish,KIT-BRD-GLA-059,10,"{""width"": 20.23, ""height"": 24.56, ""depth"": 26.97}",3 year warranty,Ships overnight,In Stock,7 days return policy,17,https://cdn.dummyjson.com/product-images/kitchen-accessories/glass/thumbnail.webp,"[""https://cdn.dummyjson.com/product-images/kitchen-accessories/glass/1.webp""]",4900880403720,https://cdn.dummyjson.com/public/qr-code.png,"[""One Size""]",piece,U,Glass,Functional,Solid,Multi
60,Grater Black,"The Grater in Black is a handy kitchen tool for grating cheese, vegetables, and more. Its sleek design and sharp blades make food preparation efficient and easy.",kitchen-accessories,10.99,3.56,3.21,84,"[""kitchen tools"", ""graters""]","Velasquez, Barrett and Smith",KIT-BRD-GRA-060,3,"{""width"": 6.32, ""height"": 23.11, ""depth"": 24.64}",1 month warranty,Ships in 1 week,In Stock,60 days return policy,5,https://cdn.dummyjson.com/product-images/kitchen-accessories/grater-black/thumbnail.webp,"[""https://cdn.dummyjson.com/product-images/kitchen-accessories/grater-black/1.webp""]",2542647841284,https://cdn.dummyjson.com/public/qr-code.png,"[""One Size""]",piece,U,Mixed Materials,Functional,Solid,Black
61,Hand Blender,"The Hand Blender is a versatile kitchen appliance for blending, pureeing, and mixing. Its compact design and powerful motor make it a convenient tool for various recipes.",kitchen-accessories,34.99,17.02,3.86,84,"[""kitchen appliances"", ""blenders""]",Williams-Edwards,KIT-BRD-HAN-061,5,"{""width"": 27.31, ""height"": 21, ""depth"": 24.27}",1 year warranty,Ships in 1 week,In Stock,No return policy,11,https://cdn.dummyjson.com/product-images/kitchen-accessories/hand-blender/thumbnail.webp,"[""https://cdn.dummyjson.com/product-images/kitchen-accessories/hand-blender/1.webp""]",1980575898457,https://cdn.dummyjson.com/public/qr-code.png,"[""One Size""]",piece,U,Mixed Materials,Functional,Solid,Multi
62,Ice Cube Tray,The Ice Cube Tray is a practical accessory for making ice cubes in various shapes. Perfect for keeping your drinks cool and adding a fun element to your beverages.,kitchen-accessories,5.99,0.63,4.71,13,"[""kitchen tools"", ""ice cube trays""]",Martinez-Cunningham,KIT-BRD-CUB-062,3,"{""width"": 26.67, ""height"": 18.14, ""depth"": 5.31}",1 month warranty,Ships overnight,In Stock,No return policy,16,https://cdn.dummyjson.com/product-images/kitchen-accessories/ice-cube-tray/thumbnail.webp,"[""https://cdn.dummyjson.com/product-images/kitchen-accessories/ice-cube-tray/1.webp""]",9123541111825,https://cdn.dummyjson.com/public/qr-code.png,"[""One Size""]",piece,U,Mixed Materials,Functional,Solid,Multi
63,Kitchen Sieve,The Kitchen Sieve is a versatile tool for sifting and straining dry and wet ingredients. Its fine mesh design ensures smooth results in your cooking and baking.,kitchen-accessories,7.99,18.91,3.09,68,"[""kitchen tools"", ""strainers""]","Rodriguez, Farley and Davis",KIT-BRD-KIT-063,5,"{""width"": 20.68, ""height"": 6.5, ""depth"": 7.86}",1 month warranty,Ships overnight,In Stock,No return policy,5,https://cdn.dummyjson.com/product-images/kitchen-accessories/kitchen-sieve/thumbnail.webp,"[""https://cdn.dummyjson.com/product-images/kitchen-accessories/kitchen-sieve/1.webp""]",7119606190291,https://cdn.dummyjson.com/public/qr-code.png,"[""One Size""]",piece,U,Mixed Materials,Functional,Solid,Multi
64,Knife,"The Knife is an essential kitchen tool for chopping, slicing, and dicing. Its sharp blade and ergonomic handle make it a reliable choice for food preparation.",kitchen-accessories,14.99,18.86,3.26,7,"[""kitchen tools"", ""cutlery""]",Bentley LLC,KIT-BRD-KNI-064,3,"{""width"": 25.19, ""height"": 18.52, ""depth"": 20.5}",1 month warranty,Ships in 1 week,Low Stock,7 days return policy,50,https://cdn.dummyjson.com/product-images/kitchen-accessories/knife/thumbnail.webp,"[""https://cdn.dummyjson.com/product-images/kitchen-accessories/knife/1.webp""]",2258278927819,https://cdn.dummyjson.com/public/qr-code.png,"[""One Size""]",piece,U,Mixed Materials,Functional,Solid,Multi
65,Lunch Box,"The Lunch Box is a convenient and portable container for packing and carrying your meals. With compartments for different foods, it's perfect for on-the-go dining.",kitchen-accessories,12.99,10.34,4.93,94,"[""kitchen tools"", ""storage""]",Warren Group,KIT-BRD-LUN-065,9,"{""width"": 12.45, ""height"": 19.08, ""depth"": 8.24}",5 year warranty,Ships in 1-2 business days,In Stock,30 days return policy,39,https://cdn.dummyjson.com/product-images/kitchen-accessories/lunch-box/thumbnail.webp,"[""https://cdn.dummyjson.com/product-images/kitchen-accessories/lunch-box/1.webp""]",3287134465440,https://cdn.dummyjson.com/public/qr-code.png,"[""One Size""]",piece,U,Mixed Materials,Functional,Solid,Multi
66,Microwave Oven,"The Microwave Oven is a versatile kitchen appliance for quick and efficient cooking, reheating, and defrosting. Its compact size makes it suitable for various kitchen setups.",kitchen-accessories,89.99,12.13,4.82,59,"[""kitchen appliances"", ""microwaves""]",Brown-Robinson,KIT-BRD-MIC-066,9,"{""width"": 16.31, ""height"": 27.45, ""depth"": 13.05}",1 year warranty,Ships in 1 week,In Stock,7 days return policy,4,https://cdn.dummyjson.com/product-images/kitchen-accessories/microwave-oven/thumbnail.webp,"[""https://cdn.dummyjson.com/product-images/kitchen-accessories/microwave-oven/1.webp"", ""https://cdn.dummyjson.com/product-images/kitchen-accessories/microwave-oven/2.webp"", ""https://cdn.dummyjson.com/product-images/kitchen-accessories/microwave-oven/3.webp"", ""https://cdn.dummyjson.com/product-images/kitchen-accessories/microwave-oven/4.webp""]",7578271198951,https://cdn.dummyjson.com/public/qr-code.png,"[""One Size""]",piece,U,Mixed Materials,Functional,Solid,Multi
67,Mug Tree Stand,The Mug Tree Stand is a stylish and space-saving solution for organizing your mugs. Keep your favorite mugs easily accessible and neatly displayed in your kitchen.,kitchen-accessories,15.99,9.25,2.64,88,"[""kitchen tools"", ""organization""]",Mcgee-Martin,KIT-BRD-TRE-067,3,"{""width"": 18.99, ""height"": 27.14, ""depth"": 27.29}",1 year warranty,Ships in 1 month,In Stock,30 days return policy,45,https://cdn.dummyjson.com/product-images/kitchen-accessories/mug-tree-stand/thumbnail.webp,"[""https://cdn.dummyjson.com/product-images/kitchen-accessories/mug-tree-stand/1.webp"", ""https://cdn.dummyjson.com/product-images/kitchen-accessories/mug-tree-stand/2.webp""]",4136081478055,https://cdn.dummyjson.com/public/qr-code.png,"[""One Size""]",piece,U,Mixed Materials,Functional,Solid,Multi
68,Pan,"The Pan is a versatile and essential cookware item for frying, sautéing, and cooking various dishes. Its non-stick coating ensures easy food release and cleanup.",kitchen-accessories,24.99,3,2.79,90,"[""cookware"", ""pans""]","Allen, Chaney and Ewing",KIT-BRD-PRD-068,8,"{""width"": 17.14, ""height"": 21.7, ""depth"": 25.75}",1 year warranty,Ships in 3-5 business days,In Stock,30 days return policy,17,https://cdn.dummyjson.com/product-images/kitchen-accessories/pan/thumbnail.webp,"[""https://cdn.dummyjson.com/product-images/kitchen-accessories/pan/1.webp""]",5159803862015,https://cdn.dummyjson.com/public/qr-code.png,"[""One Size""]",piece,U,Mixed Materials,Functional,Solid,Multi
69,Plate,The Plate is a classic and essential dishware item for serving meals. Its durable and stylish design makes it suitable for everyday use or special occasions.,kitchen-accessories,3.99,7.31,3.65,66,"[""dinnerware"", ""plates""]",Spencer PLC,KIT-BRD-PLA-069,4,"{""width"": 16.46, ""height"": 5.39, ""depth"": 13.15}",1 year warranty,Ships in 1-2 business days,In Stock,90 days return policy,6,https://cdn.dummyjson.com/product-images/kitchen-accessories/plate/thumbnail.webp,"[""https://cdn.dummyjson.com/product-images/kitchen-accessories/plate/1.webp""]",8084753475328,https://cdn.dummyjson.com/public/qr-code.png,"[""One Size""]",piece,U,Mixed Materials,Functional,Solid,Multi
70,Red Tongs,The Red Tongs are versatile kitchen tongs suitable for various cooking and serving tasks. Their vibrant color adds a pop of excitement to your kitchen utensils.,kitchen-accessories,6.99,14.52,4.42,82,"[""kitchen tools"", ""tongs""]",Moore Ltd,KIT-BRD-TON-070,7,"{""width"": 22.86, ""height"": 26.2, ""depth"": 17}",No warranty,Ships in 1 week,In Stock,30 days return policy,23,https://cdn.dummyjson.com/product-images/kitchen-accessories/red-tongs/thumbnail.webp,"[""https://cdn.dummyjson.com/product-images/kitchen-accessories/red-tongs/1.webp""]",1919888449594,https://cdn.dummyjson.com/public/qr-code.png,"[""One Size""]",piece,U,Mixed Materials,Functional,Solid,Red
71,Silver Pot With Glass Cap,"The Silver Pot with Glass Cap is a stylish and functional cookware item for boiling, simmering, and preparing delicious meals. Its glass cap allows you to monitor cooking progress.",kitchen-accessories,39.99,5.7,3.22,40,"[""cookware"", ""pots""]",Curtis Inc,KIT-BRD-SIL-071,7,"{""width"": 21.03, ""height"": 11.7, ""depth"": 6.69}",1 year warranty,Ships in 1 month,In Stock,90 days return policy,10,https://cdn.dummyjson.com/product-images/kitchen-accessories/silver-pot-with-glass-cap/thumbnail.webp,"[""https://cdn.dummyjson.com/product-images/kitchen-accessories/silver-pot-with-glass-cap/1.webp""]",9757232943842,https://cdn.dummyjson.com/public/qr-code.png,"[""One Size""]",piece,U,Glass,Functional,Solid,Silver
72,Slotted Turner,"The Slotted Turner is a kitchen utensil designed for flipping and turning food items. Its slotted design allows excess liquid to drain, making it ideal for frying and sautéing.",kitchen-accessories,8.99,13.35,3.4,88,"[""kitchen tools"", ""turners""]",Castro Inc,KIT-BRD-SLO-072,8,"{""width"": 14.41, ""height"": 27.15, ""depth"": 14.76}",Lifetime warranty,Ships in 1-2 business days,In Stock,7 days return policy,34,https://cdn.dummyjson.com/product-images/kitchen-accessories/slotted-turner/thumbnail.webp,"[""https://cdn.dummyjson.com/product-images/kitchen-accessories/slotted-turner/1.webp""]",4396291569672,https://cdn.dummyjson.com/public/qr-code.png,"[""One Size""]",piece,U,Mixed Materials,Functional,Solid,Multi
73,Spice Rack,The Spice Rack is a convenient organizer for your spices and seasonings. Keep your kitchen essentials within reach and neatly arranged with this stylish spice rack.,kitchen-accessories,19.99,12.09,4.87,79,"[""kitchen tools"", ""organization""]",Knight-Lewis,KIT-BRD-SPI-073,7,"{""width"": 28.06, ""height"": 22.43, ""depth"": 26.34}",1 week warranty,Ships overnight,In Stock,7 days return policy,18,https://cdn.dummyjson.com/product-images/kitchen-accessories/spice-rack/thumbnail.webp,"[""https://cdn.dummyjson.com/product-images/kitchen-accessories/spice-rack/1.webp""]",6149284465708,https://cdn.dummyjson.com/public/qr-code.png,"[""One Size""]",piece,U,Mixed Materials,Functional,Solid,Multi
74,Spoon,"The Spoon is a versatile kitchen utensil for stirring, serving, and tasting. Its ergonomic design and durable construction make it an essential tool for every kitchen.",kitchen-accessories,4.99,1.53,4.03,59,"[""kitchen tools"", ""utensils""]",Jimenez Ltd,KIT-BRD-SPO-074,6,"{""width"": 8.49, ""height"": 26.04, ""depth"": 27.78}",1 year warranty,Ships in 1-2 business days,In Stock,90 days return policy,15,https://cdn.dummyjson.com/product-images/kitchen-accessories/spoon/thumbnail.webp,"[""https://cdn.dummyjson.com/product-images/kitchen-accessories/spoon/1.webp""]",7769627934740,https://cdn.dummyjson.com/public/qr-code.png,"[""One Size""]",piece,U,Mixed Materials,Functional,Solid,Multi
75,Tray,"The Tray is a functional and decorative item for serving snacks, appetizers, or drinks. Its stylish design makes it a versatile accessory for entertaining guests.",kitchen-accessories,16.99,7.48,4.62,71,"[""serveware"", ""trays""]",Alvarado-Hart,KIT-BRD-TRA-075,10,"{""width"": 12.7, ""height"": 7.52, ""depth"": 9.72}",5 year warranty,Ships in 2 weeks,In Stock,7 days return policy,23,https://cdn.dummyjson.com/product-images/kitchen-accessories/tray/thumbnail.webp,"[""https://cdn.dummyjson.com/product-images/kitchen-accessories/tray/1.webp""]",5239514403214,https://cdn.dummyjson.com/public/qr-code.png,"[""One Size""]",piece,U,Mixed Materials,Functional,Solid,Multi
76,Wooden Rolling Pin,The Wooden Rolling Pin is a classic kitchen tool for rolling out dough for baking. Its smooth surface and sturdy handles make it easy to achieve uniform thickness.,kitchen-accessories,11.99,9.75,2.92,80,"[""kitchen tools"", ""baking""]",Hancock-Sloan,KIT-BRD-WOO-076,7,"{""width"": 5.92, ""height"": 10.87, ""depth"": 19.55}",3 year warranty,Ships in 2 weeks,In Stock,30 days return policy,11,https://cdn.dummyjson.com/product-images/kitchen-accessories/wooden-rolling-pin/thumbnail.webp,"[""https://cdn.dummyjson.com/product-images/kitchen-accessories/wooden-rolling-pin/1.webp""]",6934305212813,https://cdn.dummyjson.com/public/qr-code.png,"[""One Size""]",piece,U,Wood,Functional,Solid,Multi
77,Yellow Peeler,The Yellow Peeler is a handy tool for peeling fruits and vegetables with ease. Its bright yellow color adds a cheerful touch to your kitchen gadgets.,kitchen-accessories,5.99,12.48,4.24,35,"[""kitchen tools"", ""peelers""]","Johnson, Mcintyre and Kent",KIT-BRD-YEL-077,7,"{""width"": 9.7, ""height"": 6.43, ""depth"": 17.93}",1 month warranty,Ships in 3-5 business days,In Stock,90 days return policy,6,https://cdn.dummyjson.com/product-images/kitchen-accessories/yellow-peeler/thumbnail.webp,"[""https://cdn.dummyjson.com/product-images/kitchen-accessories/yellow-peeler/1.webp""]",8946155386929,https://cdn.dummyjson.com/public/qr-code.png,"[""One Size""]",piece,U,Mixed Materials,Functional,Solid,Yellow
78,Apple MacBook Pro 14 Inch Space Grey,"The MacBook Pro 14 Inch in Space Grey is a powerful and sleek laptop, featuring Apple's M1 Pro chip for exceptional performance and a stunning Retina display.",laptops,1999.99,4.69,3.65,24,"[""laptops"", ""apple""]",Apple,LAP-APP-APP-078,9,"{""width"": 20.03, ""height"": 9.54, ""depth"": 14.82}",3 year warranty,Ships in 2 weeks,In Stock,90 days return policy,1,https://cdn.dummyjson.com/product-images/laptops/apple-macbook-pro-14-inch-space-grey/thumbnail.webp,"[""https://cdn.dummyjson.com/product-images/laptops/apple-macbook-pro-14-inch-space-grey/1.webp"", ""https://cdn.dummyjson.com/product-images/laptops/apple-macbook-pro-14-inch-space-grey/2.webp"", ""https://cdn.dummyjson.com/product-images/laptops/apple-macbook-pro-14-inch-space-grey/3.webp""]",5275211560367,https://cdn.dummyjson.com/public/qr-code.png,"[""XS"", ""S"", ""M"", ""L"", ""XL""]",piece,U,Aluminum/Plastic,Professional,Solid,Space Grey
79,Asus Zenbook Pro Dual Screen Laptop,"The Asus Zenbook Pro Dual Screen Laptop is a high-performance device with dual screens, providing productivity and versatility for creative professionals.",laptops,1799.99,11.14,3.95,45,"[""laptops""]",Asus,LAP-ASU-ASU-079,9,"{""width"": 16.6, ""height"": 11.49, ""depth"": 10.89}",3 year warranty,Ships in 1 month,In Stock,7 days return policy,1,https://cdn.dummyjson.com/product-images/laptops/asus-zenbook-pro-dual-screen-laptop/thumbnail.webp,"[""https://cdn.dummyjson.com/product-images/laptops/asus-zenbook-pro-dual-screen-laptop/1.webp"", ""https://cdn.dummyjson.com/product-images/laptops/asus-zenbook-pro-dual-screen-laptop/2.webp"", ""https://cdn.dummyjson.com/product-images/laptops/asus-zenbook-pro-dual-screen-laptop/3.webp""]",7392988535158,https://cdn.dummyjson.com/public/qr-code.png,"[""XS"", ""S"", ""M"", ""L"", ""XL""]",piece,U,Aluminum/Plastic,Professional,Solid,Silver/Black
80,Huawei Matebook X Pro,"The Huawei Matebook X Pro is a slim and stylish laptop with a high-resolution touchscreen display, offering a premium experience for users on the go.",laptops,1399.99,9.38,4.98,75,"[""laptops""]",Huawei,LAP-HUA-HUA-080,9,"{""width"": 18.21, ""height"": 22.83, ""depth"": 17.26}",No warranty,Ships overnight,In Stock,60 days return policy,1,https://cdn.dummyjson.com/product-images/laptops/huawei-matebook-x-pro/thumbnail.webp,"[""https://cdn.dummyjson.com/product-images/laptops/huawei-matebook-x-pro/1.webp"", ""https://cdn.dummyjson.com/product-images/laptops/huawei-matebook-x-pro/2.webp"", ""https://cdn.dummyjson.com/product-images/laptops/huawei-matebook-x-pro/3.webp""]",0592296671061,https://cdn.dummyjson.com/public/qr-code.png,"[""XS"", ""S"", ""M"", ""L"", ""XL""]",piece,U,Aluminum/Plastic,Professional,Solid,Silver/Black
81,Lenovo Yoga 920,"The Lenovo Yoga 920 is a 2-in-1 convertible laptop with a flexible hinge, allowing you to use it as a laptop or tablet, offering versatility and portability.",laptops,1099.99,6.55,2.86,40,"[""laptops""]",Lenovo,LAP-LEN-LEN-081,9,"{""width"": 20.84, ""height"": 22.68, ""depth"": 17.39}",6 months warranty,Ships in 2 weeks,In Stock,No return policy,1,https://cdn.dummyjson.com/product-images/laptops/lenovo-yoga-920/thumbnail.webp,"[""https://cdn.dummyjson.com/product-images/laptops/lenovo-yoga-920/1.webp"", ""https://cdn.dummyjson.com/product-images/laptops/lenovo-yoga-920/2.webp"", ""https://cdn.dummyjson.com/product-images/laptops/lenovo-yoga-920/3.webp""]",5506742916764,https://cdn.dummyjson.com/public/qr-code.png,"[""XS"", ""S"", ""M"", ""L"", ""XL""]",piece,U,Aluminum/Plastic,Professional,Solid,Silver/Black
82,New DELL XPS 13 9300 Laptop,"The New DELL XPS 13 9300 Laptop is a compact and powerful device, featuring a virtually borderless InfinityEdge display and high-end performance for various tasks.",laptops,1499.99,11.89,2.67,74,"[""laptops""]",Dell,LAP-DEL-DEL-082,2,"{""width"": 13.76, ""height"": 29, ""depth"": 21.42}",2 year warranty,Ships in 2 weeks,In Stock,60 days return policy,1,https://cdn.dummyjson.com/product-images/laptops/new-dell-xps-13-9300-laptop/thumbnail.webp,"[""https://cdn.dummyjson.com/product-images/laptops/new-dell-xps-13-9300-laptop/1.webp"", ""https://cdn.dummyjson.com/product-images/laptops/new-dell-xps-13-9300-laptop/2.webp"", ""https://cdn.dummyjson.com/product-images/laptops/new-dell-xps-13-9300-laptop/3.webp""]",5963805976904,https://cdn.dummyjson.com/public/qr-code.png,"[""XS"", ""S"", ""M"", ""L"", ""XL""]",piece,U,Aluminum/Plastic,Professional,Solid,Silver/Black
83,Blue & Black Check Shirt,"The Blue & Black Check Shirt is a stylish and comfortable men's shirt featuring a classic check pattern. Made from high-quality fabric, it's suitable for both casual and semi-formal occasions.",mens-shirts,29.99,15.35,3.64,38,"[""clothing"", ""men's shirts""]",Fashion Trends,MEN-FAS-BLU-083,4,"{""width"": 27.49, ""height"": 23.73, ""depth"": 28.61}",3 year warranty,Ships in 3-5 business days,In Stock,30 days return policy,18,https://cdn.dummyjson.com/product-images/mens-shirts/blue-&-black-check-shirt/thumbnail.webp,"[""https://cdn.dummyjson.com/product-images/mens-shirts/blue-&-black-check-shirt/1.webp"", ""https://cdn.dummyjson.com/product-images/mens-shirts/blue-&-black-check-shirt/2.webp"", ""https://cdn.dummyjson.com/product-images/mens-shirts/blue-&-black-check-shirt/3.webp"", ""https://cdn.dummyjson.com/product-images/mens-shirts/blue-&-black-check-shirt/4.webp""]",7148674604957,https://cdn.dummyjson.com/public/qr-code.png,"[""XS"", ""S"", ""M"", ""L"", ""XL""]",piece,M,Cotton Blend,Casual,Check,Blue/Black
84,Gigabyte Aorus Men Tshirt,"The Gigabyte Aorus Men Tshirt is a cool and casual shirt for gaming enthusiasts. With the Aorus logo and sleek design, it's perfect for expressing your gaming style.",mens-shirts,24.99,0.94,3.18,90,"[""clothing"", ""men's t-shirts""]",Gigabyte,MEN-GIG-GIG-084,4,"{""width"": 22.31, ""height"": 26.47, ""depth"": 13.27}",3 year warranty,Ships overnight,In Stock,30 days return policy,16,https://cdn.dummyjson.com/product-images/mens-shirts/gigabyte-aorus-men-tshirt/thumbnail.webp,"[""https://cdn.dummyjson.com/product-images/mens-shirts/gigabyte-aorus-men-tshirt/1.webp"", ""https://cdn.dummyjson.com/product-images/mens-shirts/gigabyte-aorus-men-tshirt/2.webp"", ""https://cdn.dummyjson.com/product-images/mens-shirts/gigabyte-aorus-men-tshirt/3.webp"", ""https://cdn.dummyjson.com/product-images/mens-shirts/gigabyte-aorus-men-tshirt/4.webp""]",1654388837068,https://cdn.dummyjson.com/public/qr-code.png,"[""XS"", ""S"", ""M"", ""L"", ""XL""]",piece,M,Cotton Blend,Smart Casual,Solid,Multi
85,Man Plaid Shirt,The Man Plaid Shirt is a timeless and versatile men's shirt with a classic plaid pattern. Its comfortable fit and casual style make it a wardrobe essential for various occasions.,mens-shirts,34.99,19.5,3.46,82,"[""clothing"", ""men's shirts""]",Classic Wear,MEN-CLA-PLA-085,3,"{""width"": 9.34, ""height"": 5.97, ""depth"": 10.85}",1 week warranty,Ships in 1-2 business days,In Stock,7 days return policy,13,https://cdn.dummyjson.com/product-images/mens-shirts/man-plaid-shirt/thumbnail.webp,"[""https://cdn.dummyjson.com/product-images/mens-shirts/man-plaid-shirt/1.webp"", ""https://cdn.dummyjson.com/product-images/mens-shirts/man-plaid-shirt/2.webp"", ""https://cdn.dummyjson.com/product-images/mens-shirts/man-plaid-shirt/3.webp"", ""https://cdn.dummyjson.com/product-images/mens-shirts/man-plaid-shirt/4.webp""]",2821496314023,https://cdn.dummyjson.com/public/qr-code.png,"[""XS"", ""S"", ""M"", ""L"", ""XL""]",piece,M,Cotton Blend,Casual,Plaid,Multi
86,Man Short Sleeve Shirt,"The Man Short Sleeve Shirt is a breezy and stylish option for warm days. With a comfortable fit and short sleeves, it's perfect for a laid-back yet polished look.",mens-shirts,19.99,6.83,2.9,2,"[""clothing"", ""men's shirts""]",Casual Comfort,MEN-CAS-SHO-086,2,"{""width"": 5.02, ""height"": 16.57, ""depth"": 9.6}",3 year warranty,Ships in 2 weeks,Low Stock,30 days return policy,4,https://cdn.dummyjson.com/product-images/mens-shirts/man-short-sleeve-shirt/thumbnail.webp,"[""https://cdn.dummyjson.com/product-images/mens-shirts/man-short-sleeve-shirt/1.webp"", ""https://cdn.dummyjson.com/product-images/mens-shirts/man-short-sleeve-shirt/2.webp"", ""https://cdn.dummyjson.com/product-images/mens-shirts/man-short-sleeve-shirt/3.webp"", ""https://cdn.dummyjson.com/product-images/mens-shirts/man-short-sleeve-shirt/4.webp""]",9995865660204,https://cdn.dummyjson.com/public/qr-code.png,"[""XS"", ""S"", ""M"", ""L"", ""XL""]",piece,M,Cotton Blend,Smart Casual,Solid,Multi
87,Men Check Shirt,"The Men Check Shirt is a classic and versatile shirt featuring a stylish check pattern. Suitable for various occasions, it adds a smart and polished touch to your wardrobe.",mens-shirts,27.99,11.38,2.72,95,"[""clothing"", ""men's shirts""]",Urban Chic,MEN-URB-CHE-087,10,"{""width"": 23.48, ""height"": 7.03, ""depth"": 27.33}",No warranty,Ships in 1-2 business days,In Stock,30 days return policy,12,https://cdn.dummyjson.com/product-images/mens-shirts/men-check-shirt/thumbnail.webp,"[""https://cdn.dummyjson.com/product-images/mens-shirts/men-check-shirt/1.webp"", ""https://cdn.dummyjson.com/product-images/mens-shirts/men-check-shirt/2.webp"", ""https://cdn.dummyjson.com/product-images/mens-shirts/men-check-shirt/3.webp"", ""https://cdn.dummyjson.com/product-images/mens-shirts/men-check-shirt/4.webp""]",9680331363394,https://cdn.dummyjson.com/public/qr-code.png,"[""XS"", ""S"", ""M"", ""L"", ""XL""]",piece,M,Cotton Blend,Casual,Check,Multi
88,Nike Air Jordan 1 Red And Black,"The Nike Air Jordan 1 in Red and Black is an iconic basketball sneaker known for its stylish design and high-performance features, making it a favorite among sneaker enthusiasts and athletes.",mens-shoes,149.99,4.12,4.77,7,"[""footwear"", ""athletic shoes""]",Nike,MEN-NIK-NIK-088,3,"{""width"": 17.44, ""height"": 9.52, ""depth"": 27}",1 year warranty,Ships in 1 week,In Stock,No return policy,1,https://cdn.dummyjson.com/product-images/mens-shoes/nike-air-jordan-1-red-and-black/thumbnail.webp,"[""https://cdn.dummyjson.com/product-images/mens-shoes/nike-air-jordan-1-red-and-black/1.webp"", ""https://cdn.dummyjson.com/product-images/mens-shoes/nike-air-jordan-1-red-and-black/2.webp"", ""https://cdn.dummyjson.com/product-images/mens-shoes/nike-air-jordan-1-red-and-black/3.webp"", ""https://cdn.dummyjson.com/product-images/mens-shoes/nike-air-jordan-1-red-and-black/4.webp""]",7631625812393,https://cdn.dummyjson.com/public/qr-code.png,"[""6"", ""7"", ""8"", ""9"", ""10"", ""11""]",pair,M,Synthetic/Mesh,Casual,Solid,Red/Black
89,Nike Baseball Cleats,Nike Baseball Cleats are designed for maximum traction and performance on the baseball field. They provide stability and support for players during games and practices.,mens-shoes,79.99,18.04,3.88,12,"[""footwear"", ""sports cleats""]",Nike,MEN-NIK-NIK-089,9,"{""width"": 11.75, ""height"": 26.65, ""depth"": 19.6}",6 months warranty,Ships in 2 weeks,In Stock,No return policy,3,https://cdn.dummyjson.com/product-images/mens-shoes/nike-baseball-cleats/thumbnail.webp,"[""https://cdn.dummyjson.com/product-images/mens-shoes/nike-baseball-cleats/1.webp"", ""https://cdn.dummyjson.com/product-images/mens-shoes/nike-baseball-cleats/2.webp"", ""https://cdn.dummyjson.com/product-images/mens-shoes/nike-baseball-cleats/3.webp"", ""https://cdn.dummyjson.com/product-images/mens-shoes/nike-baseball-cleats/4.webp""]",2449851358796,https://cdn.dummyjson.com/public/qr-code.png,"[""6"", ""7"", ""8"", ""9"", ""10"", ""11""]",pair,M,Synthetic/Mesh,Sports,Solid,Multi
90,Puma Future Rider Trainers,"The Puma Future Rider Trainers offer a blend of retro style and modern comfort. Perfect for casual wear, these trainers provide a fashionable and comfortable option for everyday use.",mens-shoes,89.99,4.2,4.9,90,"[""footwear"", ""casual shoes""]",Puma,MEN-PUM-PUM-090,6,"{""width"": 17.45, ""height"": 15.58, ""depth"": 23.13}",5 year warranty,Ships in 1-2 business days,In Stock,90 days return policy,10,https://cdn.dummyjson.com/product-images/mens-shoes/puma-future-rider-trainers/thumbnail.webp,"[""https://cdn.dummyjson.com/product-images/mens-shoes/puma-future-rider-trainers/1.webp"", ""https://cdn.dummyjson.com/product-images/mens-shoes/puma-future-rider-trainers/2.webp"", ""https://cdn.dummyjson.com/product-images/mens-shoes/puma-future-rider-trainers/3.webp"", ""https://cdn.dummyjson.com/product-images/mens-shoes/puma-future-rider-trainers/4.webp""]",9715091831404,https://cdn.dummyjson.com/public/qr-code.png,"[""6"", ""7"", ""8"", ""9"", ""10"", ""11""]",pair,M,Synthetic/Mesh,Athletic,Solid,Multi
91,Sports Sneakers Off White & Red,"The Sports Sneakers in Off White and Red combine style and functionality, making them a fashionable choice for sports enthusiasts. The red and off-white color combination adds a bold and energetic touch.",mens-shoes,119.99,4.97,4.77,17,"[""footwear"", ""athletic shoes""]",Off White,MEN-OFF-SPO-091,7,"{""width"": 14.37, ""height"": 23.44, ""depth"": 12.84}",1 week warranty,Ships in 3-5 business days,In Stock,30 days return policy,5,https://cdn.dummyjson.com/product-images/mens-shoes/sports-sneakers-off-white-&-red/thumbnail.webp,"[""https://cdn.dummyjson.com/product-images/mens-shoes/sports-sneakers-off-white-&-red/1.webp"", ""https://cdn.dummyjson.com/product-images/mens-shoes/sports-sneakers-off-white-&-red/2.webp"", ""https://cdn.dummyjson.com/product-images/mens-shoes/sports-sneakers-off-white-&-red/3.webp"", ""https://cdn.dummyjson.com/product-images/mens-shoes/sports-sneakers-off-white-&-red/4.webp""]",6740319943645,https://cdn.dummyjson.com/public/qr-code.png,"[""6"", ""7"", ""8"", ""9"", ""10"", ""11""]",pair,M,Synthetic/Mesh,Athletic,Solid,Off White/Red
92,Sports Sneakers Off White Red,"Another variant of the Sports Sneakers in Off White Red, featuring a unique design. These sneakers offer style and comfort for casual occasions.",mens-shoes,109.99,0.04,4.69,62,"[""footwear"", ""casual shoes""]",Off White,MEN-OFF-SPO-092,9,"{""width"": 21.43, ""height"": 9.86, ""depth"": 28.5}",3 months warranty,Ships overnight,In Stock,60 days return policy,3,https://cdn.dummyjson.com/product-images/mens-shoes/sports-sneakers-off-white-red/thumbnail.webp,"[""https://cdn.dummyjson.com/product-images/mens-shoes/sports-sneakers-off-white-red/1.webp"", ""https://cdn.dummyjson.com/product-images/mens-shoes/sports-sneakers-off-white-red/2.webp"", ""https://cdn.dummyjson.com/product-images/mens-shoes/sports-sneakers-off-white-red/3.webp"", ""https://cdn.dummyjson.com/product-images/mens-shoes/sports-sneakers-off-white-red/4.webp""]",0430266023617,https://cdn.dummyjson.com/public/qr-code.png,"[""6"", ""7"", ""8"", ""9"", ""10"", ""11""]",pair,M,Synthetic/Mesh,Athletic,Solid,Off White/Red
93,Brown Leather Belt Watch,"The Brown Leather Belt Watch is a stylish timepiece with a classic design. Featuring a genuine leather strap and a sleek dial, it adds a touch of sophistication to your look.",mens-watches,89.99,5.99,4.19,32,"[""watches"", ""leather watches""]",Fashion Timepieces,MEN-FAS-BRO-093,10,"{""width"": 16.65, ""height"": 6.15, ""depth"": 20.18}",1 year warranty,Ships in 1 month,In Stock,30 days return policy,7,https://cdn.dummyjson.com/product-images/mens-watches/brown-leather-belt-watch/thumbnail.webp,"[""https://cdn.dummyjson.com/product-images/mens-watches/brown-leather-belt-watch/1.webp"", ""https://cdn.dummyjson.com/product-images/mens-watches/brown-leather-belt-watch/2.webp"", ""https://cdn.dummyjson.com/product-images/mens-watches/brown-leather-belt-watch/3.webp""]",4027206714862,https://cdn.dummyjson.com/public/qr-code.png,"[""One Size""]",piece,M,Leather/Stainless Steel,Classic,Solid,Brown
94,Longines Master Collection,"The Longines Master Collection is an elegant and refined watch known for its precision and craftsmanship. With a timeless design, it's a symbol of luxury and sophistication.",mens-watches,1499.99,17.24,3.87,100,"[""watches"", ""luxury watches""]",Longines,MEN-LON-LON-094,4,"{""width"": 15.39, ""height"": 10.06, ""depth"": 20.32}",1 week warranty,Ships in 1-2 business days,In Stock,7 days return policy,1,https://cdn.dummyjson.com/product-images/mens-watches/longines-master-collection/thumbnail.webp,"[""https://cdn.dummyjson.com/product-images/mens-watches/longines-master-collection/1.webp"", ""https://cdn.dummyjson.com/product-images/mens-watches/longines-master-collection/2.webp"", ""https://cdn.dummyjson.com/product-images/mens-watches/longines-master-collection/3.webp""]",5984080925625,https://cdn.dummyjson.com/public/qr-code.png,"[""One Size""]",piece,M,Stainless Steel,Classic,Solid,Silver/Gold
95,Rolex Cellini Date Black Dial,"The Rolex Cellini Date with Black Dial is a classic and prestigious watch. With a black dial and date complication, it exudes sophistication and is a symbol of Rolex's heritage.",mens-watches,8999.99,8.88,4.97,40,"[""watches"", ""luxury watches""]",Rolex,MEN-ROL-ROL-095,2,"{""width"": 13.46, ""height"": 26.1, ""depth"": 17.9}",3 months warranty,Ships in 1 week,In Stock,90 days return policy,1,https://cdn.dummyjson.com/product-images/mens-watches/rolex-cellini-date-black-dial/thumbnail.webp,"[""https://cdn.dummyjson.com/product-images/mens-watches/rolex-cellini-date-black-dial/1.webp"", ""https://cdn.dummyjson.com/product-images/mens-watches/rolex-cellini-date-black-dial/2.webp"", ""https://cdn.dummyjson.com/product-images/mens-watches/rolex-cellini-date-black-dial/3.webp""]",9663455783895,https://cdn.dummyjson.com/public/qr-code.png,"[""One Size""]",piece,M,Stainless Steel,Luxury,Solid,Black
96,Rolex Cellini Moonphase,"The Rolex Cellini Moonphase is a masterpiece of horology, featuring a moon phase complication and exquisite design. It reflects Rolex's commitment to precision and elegance.",mens-watches,12999.99,17.52,2.58,36,"[""watches"", ""luxury watches""]",Rolex,MEN-ROL-ROL-096,2,"{""width"": 26.06, ""height"": 25.19, ""depth"": 13.17}",6 months warranty,Ships overnight,In Stock,7 days return policy,1,https://cdn.dummyjson.com/product-images/mens-watches/rolex-cellini-moonphase/thumbnail.webp,"[""https://cdn.dummyjson.com/product-images/mens-watches/rolex-cellini-moonphase/1.webp"", ""https://cdn.dummyjson.com/product-images/mens-watches/rolex-cellini-moonphase/2.webp"", ""https://cdn.dummyjson.com/product-images/mens-watches/rolex-cellini-moonphase/3.webp""]",1957304538726,https://cdn.dummyjson.com/public/qr-code.png,"[""One Size""]",piece,M,Stainless Steel,Luxury,Solid,Silver/Gold
97,Rolex Datejust,"The Rolex Datejust is an iconic and versatile timepiece with a date window. Known for its timeless design and reliability, it's a symbol of Rolex's watchmaking excellence.",mens-watches,10999.99,3.73,3.66,86,"[""watches"", ""luxury watches""]",Rolex,MEN-ROL-ROL-097,4,"{""width"": 23.11, ""height"": 19.97, ""depth"": 27.04}",2 year warranty,Ships in 1 month,In Stock,7 days return policy,1,https://cdn.dummyjson.com/product-images/mens-watches/rolex-datejust/thumbnail.webp,"[""https://cdn.dummyjson.com/product-images/mens-watches/rolex-datejust/1.webp"", ""https://cdn.dummyjson.com/product-images/mens-watches/rolex-datejust/2.webp"", ""https://cdn.dummyjson.com/product-images/mens-watches/rolex-datejust/3.webp""]",8893788734644,https://cdn.dummyjson.com/public/qr-code.png,"[""One Size""]",piece,M,Stainless Steel,Luxury,Solid,Silver/Gold
98,Rolex Submariner Watch,"The Rolex Submariner is a legendary dive watch with a rich history. Known for its durability and water resistance, it's a symbol of adventure and exploration.",mens-watches,13999.99,5.05,2.69,55,"[""watches"", ""luxury watches""]",Rolex,MEN-ROL-ROL-098,4,"{""width"": 17.69, ""height"": 12.48, ""depth"": 8.75}",5 year warranty,Ships in 1 month,In Stock,90 days return policy,1,https://cdn.dummyjson.com/product-images/mens-watches/rolex-submariner-watch/thumbnail.webp,"[""https://cdn.dummyjson.com/product-images/mens-watches/rolex-submariner-watch/1.webp"", ""https://cdn.dummyjson.com/product-images/mens-watches/rolex-submariner-watch/2.webp"", ""https://cdn.dummyjson.com/product-images/mens-watches/rolex-submariner-watch/3.webp""]",7133320173118,https://cdn.dummyjson.com/public/qr-code.png,"[""One Size""]",piece,M,Stainless Steel,Luxury,Solid,Silver/Gold
99,Amazon Echo Plus,The Amazon Echo Plus is a smart speaker with built-in Alexa voice control. It features premium sound quality and serves as a hub for controlling smart home devices.,mobile-accessories,99.99,12.07,4.99,61,"[""electronics"", ""smart speakers""]",Amazon,MOB-AMA-AMA-099,5,"{""width"": 12.68, ""height"": 15.24, ""depth"": 27.46}",6 months warranty,Ships in 1 week,In Stock,7 days return policy,9,https://cdn.dummyjson.com/product-images/mobile-accessories/amazon-echo-plus/thumbnail.webp,"[""https://cdn.dummyjson.com/product-images/mobile-accessories/amazon-echo-plus/1.webp"", ""https://cdn.dummyjson.com/product-images/mobile-accessories/amazon-echo-plus/2.webp""]",2256117192038,https://cdn.dummyjson.com/public/qr-code.png,"[""One Size""]",piece,U,Plastic/Electronic,Modern,Solid,Black/Grey
100,Apple Airpods,"The Apple Airpods offer a seamless wireless audio experience. With easy pairing, high-quality sound, and Siri integration, they are perfect for on-the-go listening.",mobile-accessories,129.99,15.54,4.15,67,"[""electronics"", ""wireless earphones""]",Apple,MOB-APP-APP-100,4,"{""width"": 25.79, ""height"": 18.38, ""depth"": 11.53}",3 year warranty,Ships in 3-5 business days,In Stock,No return policy,4,https://cdn.dummyjson.com/product-images/mobile-accessories/apple-airpods/thumbnail.webp,"[""https://cdn.dummyjson.com/product-images/mobile-accessories/apple-airpods/1.webp"", ""https://cdn.dummyjson.com/product-images/mobile-accessories/apple-airpods/2.webp"", ""https://cdn.dummyjson.com/product-images/mobile-accessories/apple-airpods/3.webp""]",1104115683955,https://cdn.dummyjson.com/public/qr-code.png,"[""One Size""]",piece,U,Plastic/Electronic,Modern,Solid,White
